-48.713,782.846,111.536,156.680,2.375,-157.525,-33.537,-1008.984,214.380,166.796,14.173,-27.447
-48.713,782.846,111.536,156.680,2.375,-157.525,-48.097,-952.370,222.339,-175.665,25.298,-15.742
-48.713,782.846,111.536,156.680,2.375,-157.525,-37.581,-994.846,214.785,173.521,18.734,-15.619
-48.713,782.846,111.536,156.680,2.375,-157.525,-52.832,-909.952,216.266,-167.107,29.486,-14.063
-48.713,782.847,111.537,156.680,2.375,-157.525,-49.106,-1065.862,303.069,167.522,17.972,-19.822
-48.713,782.846,111.536,156.680,2.375,-157.525,68.066,-1064.081,302.365,167.632,18.019,-13.500
-48.713,782.847,111.537,156.680,2.375,-157.525,-97.458,-974.311,328.188,-151.879,0.885,-43.311
-48.713,782.847,111.537,156.680,2.375,-157.525,-116.577,-1061.107,310.298,-173.922,-12.001,-47.272
-48.713,782.848,111.537,156.680,2.375,-157.525,-93.828,-949.210,192.419,-150.447,3.338,-45.118
-52.622,890.896,167.934,148.156,5.492,-158.110,-93.829,-949.209,192.418,-150.447,3.338,-45.118
-50.841,839.519,137.667,155.514,-13.837,167.037,-93.829,-949.209,192.418,-150.447,3.338,-45.118
-50.829,839.108,137.440,164.486,-23.457,139.649,-93.829,-949.209,192.418,-150.447,3.338,-45.118
-48.068,762.368,198.566,164.298,-23.614,139.724,-93.829,-949.209,192.418,-150.447,3.338,-45.118
-50.540,830.806,240.415,159.313,-27.562,141.880,-93.829,-949.209,192.418,-150.447,3.338,-45.118
-46.608,721.722,177.957,166.996,-21.299,138.694,-93.829,-949.209,192.418,-150.447,3.338,-45.118
-52.180,875.829,273.667,155.627,-30.204,143.663,-93.829,-949.209,192.418,-150.447,3.338,-45.118
-12.524,828.528,237.737,159.592,-27.326,139.126,-93.831,-949.209,192.418,-150.447,3.338,-45.118
61.358,787.572,213.157,163.078,-25.630,130.912,-93.831,-949.209,192.418,-150.447,3.338,-45.118
72.657,896.073,291.500,154.446,-32.223,135.101,-93.831,-949.209,192.417,-150.447,3.338,-45.118
-26.418,771.565,202.909,164.308,-24.571,136.782,-93.834,-949.210,192.420,-150.447,3.338,-45.118
-35.320,674.316,157.453,170.402,-18.946,135.337,-93.834,-949.208,192.417,-150.447,3.338,-45.118
-100.327,777.263,209.546,163.507,-25.260,142.536,-93.835,-949.209,192.418,-150.447,3.338,-45.118
-99.884,674.084,159.861,170.037,-19.301,140.903,-93.835,-949.208,192.416,-150.447,3.338,-45.118
-155.291,650.135,154.823,170.803,-18.554,145.625,-93.835,-949.209,192.418,-150.447,3.338,-45.118
-184.554,713.639,184.566,166.610,-22.523,148.332,-93.835,-949.208,192.418,-150.447,3.338,-45.118
-190.681,643.801,155.963,170.626,-18.727,148.756,-93.835,-949.208,192.417,-150.447,3.338,-45.118
-194.477,663.437,163.881,169.448,-19.874,149.027,-93.835,-949.208,192.417,-150.447,3.338,-45.118
-215.467,757.479,211.741,163.254,-25.493,151.154,-93.835,-949.208,192.417,-150.447,3.338,-45.118
-162.938,744.990,197.679,164.961,-24.026,146.836,-93.835,-949.209,192.418,-150.447,3.338,-45.118
-139.973,691.243,169.770,168.617,-20.685,144.430,-93.835,-949.208,192.417,-150.447,3.338,-45.118
-138.474,753.107,199.386,164.753,-24.212,145.006,-93.835,-949.208,192.417,-150.447,3.338,-45.118
-40.491,791.129,214.473,162.941,-25.776,138.328,-93.836,-949.208,192.417,-150.447,3.338,-45.118
-38.935,723.184,178.352,167.448,-21.787,136.520,-93.836,-949.208,192.417,-150.447,3.338,-45.118
-37.978,663.334,153.313,171.048,-18.332,135.344,-93.836,-949.208,192.417,-150.447,3.338,-45.118
-42.913,812.268,227.654,161.406,-27.035,139.158,-93.836,-949.208,192.417,-150.447,3.338,-45.118
45.148,776.092,197.062,164.513,-24.523,131.250,-93.835,-949.208,192.416,-150.447,3.338,-45.118
53.230,836.244,234.316,160.186,-28.135,132.967,-93.836,-949.208,192.418,-150.447,3.338,-45.118
55.851,851.303,243.571,159.091,-28.996,133.401,-93.836,-949.209,192.418,-150.447,3.338,-45.118
61.380,888.404,268.622,156.219,-31.137,134.700,-93.836,-949.208,192.417,-150.447,3.338,-45.118
118.345,885.488,250.677,157.135,-30.479,130.567,-93.836,-949.209,192.419,-150.447,3.338,-45.118
114.996,806.100,189.581,163.540,-25.377,126.927,-93.836,-949.208,192.417,-150.447,3.338,-45.118
15.412,835.293,202.448,162.024,-26.628,134.725,-93.836,-949.209,192.418,-150.447,3.338,-45.118
-21.164,837.097,203.697,161.878,-26.741,137.307,-93.836,-949.208,192.417,-150.447,3.338,-45.118
-96.891,828.117,201.417,162.141,-26.527,142.405,-93.836,-949.207,192.415,-150.447,3.338,-45.118
-96.427,756.587,162.198,166.935,-22.332,140.877,-93.836,-949.208,192.417,-150.447,3.338,-45.118
-99.948,751.872,160.181,167.200,-22.085,141.079,-93.836,-949.208,192.417,-150.447,3.338,-45.118
-146.831,708.279,144.482,169.363,-20.046,144.363,-93.836,-949.208,192.416,-150.447,3.338,-45.118
-153.030,706.953,144.476,169.364,-20.045,144.865,-93.948,-949.071,192.480,-153.251,-13.548,-14.295
-153.030,706.951,144.475,169.364,-20.045,144.865,-93.943,-949.048,192.483,-154.622,-16.091,-8.920
-153.030,706.951,144.475,169.364,-20.045,144.865,-104.370,-994.485,184.276,-174.567,-18.215,17.375
-153.030,706.951,144.475,169.364,-20.045,144.865,-89.165,-919.276,217.798,-152.880,-31.032,13.159
-153.030,706.951,144.475,169.364,-20.045,144.865,-102.413,-997.014,277.768,-163.839,-26.470,18.080
-153.030,706.951,144.475,169.364,-20.045,144.865,-95.857,-930.432,99.270,-166.324,-21.715,14.415
-153.030,706.951,144.475,169.364,-20.045,144.865,-101.602,-927.899,13.905,-172.084,-16.535,13.897
-153.030,706.951,144.475,169.364,-20.045,144.865,-110.425,-984.730,45.941,-177.206,-14.391,15.256
-153.030,706.951,144.475,169.364,-20.045,144.865,-87.474,-895.003,74.339,-153.461,-28.619,11.026
-153.030,706.950,144.475,169.364,-20.045,144.865,-106.214,-951.171,105.882,-159.791,-26.410,13.338
-153.030,706.952,144.476,169.364,-20.045,144.865,-103.736,-939.344,168.796,-157.060,-28.542,13.322
-153.030,706.951,144.475,169.364,-20.045,144.865,-103.934,-940.384,185.316,-157.954,-28.233,13.775
-153.030,706.951,144.475,169.364,-20.045,144.865,-91.319,-852.850,147.589,-157.987,-26.190,11.767
-153.030,706.949,144.475,169.364,-20.045,144.865,-190.540,-875.177,124.819,-169.255,-14.460,34.329
-153.030,706.950,144.475,169.364,-20.045,144.865,-169.752,-785.134,114.762,-157.009,-26.411,30.275
-153.030,706.949,144.474,169.364,-20.045,144.865,-226.192,-858.611,140.565,-165.600,-18.409,30.973
-153.030,706.950,144.475,169.364,-20.045,144.865,-144.022,-921.027,128.350,-174.449,-8.699,38.652
-153.030,706.950,144.475,169.364,-20.045,144.865,-131.226,-855.664,90.563,-172.640,-14.825,48.224
-153.030,706.949,144.474,169.364,-20.045,144.865,-117.497,-771.415,65.730,-166.820,-23.310,46.389
-153.029,706.949,144.474,169.364,-20.045,144.865,-125.944,-818.542,67.358,-171.791,-15.951,47.910
-153.030,706.950,144.475,169.364,-20.045,144.865,-140.249,-901.839,84.272,-179.433,-3.509,48.990
-153.029,706.949,144.474,169.364,-20.045,144.865,-128.277,-813.512,85.922,-156.469,-4.803,-2.860
-153.029,706.949,144.474,169.364,-20.045,144.865,-148.464,-933.235,133.907,-171.487,-2.811,-1.989
-153.030,706.949,144.475,169.364,-20.045,144.865,-122.551,-761.047,2.078,-175.748,-1.467,-2.380
-153.030,706.949,144.474,169.364,-20.045,144.865,-137.474,-856.004,47.776,-178.365,-1.372,-2.192
-153.029,706.950,144.475,169.364,-20.045,144.865,-146.913,-915.222,84.399,178.907,-1.125,-2.010
-153.029,706.949,144.474,169.364,-20.045,144.865,-152.881,-957.080,134.108,-177.961,-1.812,-1.814
-153.029,706.949,144.474,169.364,-20.045,144.865,-153.142,-964.069,174.817,-170.569,-3.091,-1.795
-153.030,706.949,144.475,169.364,-20.045,144.865,-150.171,-948.885,194.327,-163.303,-4.242,-2.008
-153.030,706.949,144.474,169.364,-20.045,144.865,-141.955,-901.615,216.411,-148.235,-6.392,-2.981
-153.030,706.949,144.474,169.364,-20.045,144.865,-150.703,-952.372,262.578,-154.388,-5.674,-2.346
-153.030,706.950,144.474,169.364,-20.045,144.865,-157.794,-995.230,312.870,-159.190,-5.085,-1.847
-153.029,706.949,144.474,169.364,-20.045,144.865,-164.760,-1032.683,104.696,-170.587,-3.125,-1.768
-153.029,706.950,144.474,169.364,-20.045,144.865,-155.111,-974.499,62.895,-164.591,-3.909,-2.136
-153.029,706.950,144.474,169.364,-20.045,144.865,-148.610,-935.306,39.750,-160.761,-4.387,-2.412
-160.436,746.539,162.727,166.873,-22.388,145.768,-147.392,-927.964,35.760,-160.080,-4.470,-2.466
-169.296,793.955,188.348,163.682,-25.225,147.057,-147.392,-927.964,35.760,-160.080,-4.470,-2.466
-168.847,791.541,186.864,163.855,-25.076,146.984,-147.392,-927.964,35.761,-160.080,-4.470,-2.466
-165.501,773.630,176.732,165.087,-24.000,146.472,-147.392,-927.964,35.762,-160.080,-4.470,-2.466
-156.239,724.046,151.985,168.307,-21.052,145.238,-147.392,-927.964,35.761,-160.080,-4.470,-2.466
-176.269,831.262,211.661,160.972,-27.484,148.261,-147.392,-927.964,35.762,-160.080,-4.470,-2.466
-165.334,772.273,223.588,162.550,-26.176,147.583,-147.392,-927.965,35.764,-160.080,-4.470,-2.466
-187.597,728.092,205.517,166.562,-25.183,148.623,-147.391,-927.965,35.764,-160.080,-4.470,-2.466
-182.863,744.021,212.386,153.024,-11.874,-178.141,-147.391,-927.965,35.764,-160.080,-4.470,-2.466
-178.218,722.475,200.155,154.921,-11.539,-178.517,-147.391,-927.965,35.764,-160.080,-4.470,-2.466
-137.332,752.871,212.451,148.677,-1.072,175.801,-147.391,-927.965,35.765,-160.080,-4.470,-2.466
-146.260,793.605,237.799,145.185,-2.104,175.900,-147.391,-927.966,35.765,-160.080,-4.470,-2.466
-143.574,781.267,229.675,146.261,-1.786,175.864,-147.391,-927.965,35.764,-160.080,-4.470,-2.466
-152.531,823.909,259.887,142.408,-2.835,175.964,-147.391,-927.965,35.764,-160.080,-4.470,-2.466
-139.266,762.087,218.193,147.862,-1.274,175.801,-147.391,-927.965,35.764,-160.080,-4.470,-2.466
-152.201,727.706,199.152,152.525,-5.203,178.297,-147.391,-927.965,35.765,-160.080,-4.470,-2.466
-151.305,699.641,185.276,155.273,-5.880,178.684,-147.391,-927.965,35.765,-160.080,-4.470,-2.466
-144.278,667.389,170.591,157.899,-5.243,178.432,-147.391,-927.965,35.764,-160.080,-4.470,-2.466
-139.189,642.600,160.565,159.898,-4.818,178.289,-147.391,-927.965,35.764,-160.080,-4.470,-2.466
-149.324,618.460,153.378,163.055,-8.234,179.396,-147.391,-927.965,35.764,-160.080,-4.470,-2.466
-146.286,628.688,156.402,161.820,-7.085,179.069,-147.391,-927.965,35.765,-160.080,-4.470,-2.466
-174.371,635.262,164.035,163.246,-13.956,-178.563,-147.391,-927.965,35.764,-160.080,-4.470,-2.466
-108.990,629.229,155.752,158.379,2.405,175.740,-147.391,-927.966,35.765,-160.080,-4.470,-2.466
-111.793,639.514,159.537,157.571,2.165,175.755,-147.391,-927.966,35.765,-160.080,-4.470,-2.466
-116.804,661.157,168.033,155.861,1.673,175.718,-147.391,-927.966,35.765,-160.080,-4.470,-2.466
-125.064,697.602,184.068,152.957,0.795,175.672,-147.391,-927.965,35.765,-160.080,-4.470,-2.466
-132.383,730.527,200.622,150.274,-0.018,175.656,-147.391,-927.965,35.765,-160.080,-4.470,-2.466
-136.198,747.576,210.030,148.858,-0.447,175.665,-147.391,-927.965,35.765,-160.080,-4.470,-2.466
-144.527,784.841,232.693,145.686,-1.405,175.721,-147.391,-927.965,35.765,-160.080,-4.470,-2.466
-152.575,820.877,257.611,142.501,-2.362,175.831,-147.391,-927.965,35.765,-160.080,-4.470,-2.466
-185.433,793.319,241.518,147.926,-10.282,-178.559,-147.391,-927.966,35.765,-160.080,-4.470,-2.466
-152.716,645.650,163.031,160.509,-7.622,179.477,-147.391,-927.965,35.765,-160.080,-4.470,-2.466
-105.891,601.150,146.261,160.714,2.589,176.115,-147.391,-927.965,35.764,-160.080,-4.470,-2.466
-112.041,628.803,155.489,158.580,1.958,176.032,-147.391,-927.966,35.765,-160.080,-4.470,-2.466
-118.783,659.120,167.011,156.211,1.252,175.967,-147.391,-927.966,35.765,-160.080,-4.470,-2.466
-132.007,718.677,194.253,151.434,-0.170,175.923,-147.391,-927.965,35.765,-160.080,-4.470,-2.466
-138.803,749.251,210.823,148.900,-0.924,175.948,-147.391,-927.965,35.765,-160.080,-4.470,-2.466
-148.706,793.833,238.468,145.082,-2.056,176.048,-147.391,-927.966,35.765,-160.080,-4.470,-2.466
-151.143,804.770,245.866,144.122,-2.340,176.085,-147.391,-927.965,35.765,-160.080,-4.470,-2.466
-181.935,796.478,242.962,147.355,-9.358,-179.147,-147.391,-927.966,35.765,-160.080,-4.470,-2.466
-174.045,760.873,219.782,150.543,-8.695,-179.645,-147.391,-927.966,35.765,-160.080,-4.470,-2.466
-173.478,758.281,218.200,150.771,-8.648,-179.679,-147.391,-927.965,35.765,-160.080,-4.470,-2.466
-164.180,716.362,194.662,154.368,-7.863,179.805,-147.391,-927.966,35.765,-160.080,-4.470,-2.466
-157.327,681.344,177.724,157.345,-7.427,179.520,-147.390,-927.965,35.765,-160.080,-4.470,-2.466
-169.202,654.456,169.078,160.865,-11.410,-179.081,-147.391,-927.966,35.765,-160.080,-4.470,-2.466
-178.907,698.172,188.921,157.206,-12.122,-178.334,-153.921,-967.335,58.141,-163.940,-3.989,-2.182
-178.907,698.172,188.922,157.206,-12.122,-178.334,-146.541,-926.232,75.747,-151.026,-5.861,-2.958
-178.907,698.172,188.921,157.206,-12.122,-178.334,-154.142,-972.555,119.310,-153.227,-5.700,-2.629
-178.908,698.172,188.922,157.206,-12.122,-178.334,-154.809,-976.351,122.042,-153.512,4.976,-23.703
-178.908,698.173,188.921,157.206,-12.122,-178.334,-154.789,-976.296,122.011,-153.902,6.872,-27.554
-178.908,698.172,188.922,157.206,-12.122,-178.334,-154.810,-976.319,122.019,-157.888,15.758,-47.589
-178.908,698.172,188.922,157.206,-12.122,-178.334,-154.826,-976.375,122.025,-161.515,19.908,-59.360
-178.907,698.172,188.921,157.206,-12.122,-178.334,-154.825,-976.370,122.025,-167.484,24.016,-75.221
-178.908,698.172,188.921,157.206,-12.122,-178.334,-154.838,-976.388,122.022,171.238,25.541,-123.504
-178.907,698.171,188.921,157.206,-12.122,-178.334,-154.835,-976.384,122.017,169.639,24.971,-127.249
-178.908,698.172,188.922,157.206,-12.122,-178.334,-150.359,-949.443,104.183,151.455,9.333,-176.822
-178.908,698.172,188.921,157.206,-12.122,-178.334,-136.799,-867.616,58.960,143.322,11.009,-178.271
-178.908,698.172,188.922,157.206,-12.122,-178.334,-152.604,-953.920,21.483,170.037,4.218,-175.318
-178.908,698.172,188.922,157.206,-12.122,-178.334,-229.596,-1013.121,99.512,170.222,4.434,-178.725
-178.908,698.172,188.921,157.206,-12.122,-178.334,-225.340,-995.606,103.444,165.141,5.835,-179.039
-178.908,698.172,188.921,157.206,-12.122,-178.334,-245.324,-939.872,124.997,150.008,9.738,177.413
-178.908,698.172,188.921,157.206,-12.122,-178.334,-151.994,-932.895,140.086,141.501,11.709,-178.616
-178.908,698.172,188.922,157.206,-12.122,-178.334,-142.005,-914.455,158.611,133.701,13.276,-179.660
-178.908,698.172,188.921,157.206,-12.122,-178.334,-150.094,-964.022,119.492,151.933,9.303,-176.587
-178.908,698.172,188.922,157.206,-12.122,-178.334,-69.763,-907.015,81.055,144.947,10.780,-173.381
-178.908,698.172,188.921,157.207,-12.122,-178.334,-64.702,-848.605,54.842,139.091,11.887,-174.526
-178.908,698.172,188.921,157.207,-12.122,-178.334,-69.606,-897.811,21.789,155.998,7.954,-171.995
-178.908,698.172,188.921,157.207,-12.122,-178.334,-78.827,-991.717,45.132,171.034,4.067,-170.682
-178.908,698.172,188.921,157.206,-12.122,-178.334,-84.362,-984.737,105.467,157.307,7.932,-171.987
-178.908,698.172,188.921,157.207,-12.122,-178.334,-94.816,-1026.923,183.288,155.215,8.655,-172.327
