-179.184,-651.641,-175.184,97.560,-45.966,-105.514
-179.201,-651.675,-175.033,96.025,-30.187,-103.092
-179.201,-651.672,-175.035,95.622,-22.181,-102.183
-179.201,-651.672,-175.038,95.385,-14.820,-101.435
-179.200,-651.666,-175.049,95.300,-10.721,-101.043
-179.200,-651.665,-175.049,95.214,-2.896,-100.319
-179.200,-651.665,-175.048,95.210,1.851,-99.886
-179.200,-651.665,-175.046,95.257,7.949,-99.325
-179.200,-651.664,-175.046,95.301,10.809,-99.058
-180.100,-653.932,-159.507,90.963,5.154,-99.709
-180.100,-653.949,-159.474,90.954,0.940,-99.780
-180.100,-653.950,-159.474,90.954,-2.139,-99.831
-180.100,-653.949,-159.474,90.963,-7.840,-99.927
-180.100,-653.949,-159.474,90.971,-10.847,-99.978
-180.100,-653.949,-159.475,90.993,-16.038,-100.070
-180.100,-653.949,-159.475,91.009,-18.949,-100.123
-180.100,-653.946,-159.480,91.038,-23.076,-100.202
-80.929,-674.243,-158.331,91.092,-23.181,-91.692
-55.422,-676.808,-158.344,91.092,-23.179,-89.529
-34.986,-678.173,-158.341,91.092,-23.180,-87.800
-23.135,-678.678,-158.345,91.092,-23.179,-86.799
-11.381,-678.978,-158.343,91.092,-23.179,-85.807
15.717,-678.889,-158.345,91.092,-23.179,-83.521
30.660,-678.376,-158.348,91.092,-23.179,-82.259
47.485,-677.404,-158.352,91.092,-23.179,-80.837
52.905,-676.994,-158.366,91.091,-23.177,-80.378
75.670,-674.823,-158.373,91.091,-23.177,-78.448
85.051,-673.703,-158.376,91.091,-23.176,-77.651
87.201,-673.433,-158.369,91.091,-23.177,-77.468
86.956,-673.466,-158.469,91.058,-11.709,-77.276
86.956,-673.467,-158.469,91.048,-8.537,-77.217
86.980,-673.522,-158.370,91.054,-11.374,-77.269
86.980,-673.522,-158.369,91.095,-19.300,-77.423
86.979,-673.521,-158.370,91.133,-24.124,-77.525
86.979,-673.520,-158.373,91.211,-31.265,-77.690
86.979,-673.519,-158.375,91.263,-34.995,-77.786
86.978,-673.518,-158.379,91.383,-41.479,-77.977
86.978,-673.517,-158.381,91.458,-44.696,-78.087
86.978,-673.516,-158.389,91.647,-50.916,-78.340
86.978,-673.513,-158.448,91.714,-52.004,-78.413
86.978,-673.512,-158.451,91.751,-52.915,-78.460
86.978,-673.506,-158.581,91.982,-56.524,-78.718
87.330,-672.971,-168.880,97.496,-57.256,-83.506
37.358,-805.149,-172.843,115.400,-68.303,-106.859
84.084,-961.557,-129.477,163.710,-78.049,-153.475
96.095,-1001.769,-109.743,-174.704,-77.996,-174.601
106.273,-1035.842,-89.778,-157.798,-76.674,168.897
106.271,-1035.837,-89.786,-157.801,-76.675,168.900
40.574,-1045.990,-73.038,-154.326,-76.215,161.828
17.401,-1046.632,-73.038,-154.326,-76.215,160.559
-9.954,-1046.729,-73.038,-154.326,-76.215,159.062
-15.820,-1046.658,-73.038,-154.326,-76.215,158.741
-27.920,-1046.405,-73.038,-154.326,-76.215,158.078
-28.316,-1046.395,-73.036,-154.326,-76.215,158.056
-39.268,-1046.041,-73.035,-154.326,-76.215,157.456
-62.740,-1044.897,-73.034,-154.326,-76.215,156.170
-100.009,-1041.990,-73.037,-154.326,-76.215,154.125
-122.271,-1039.613,-73.037,-154.327,-76.215,152.899
-144.138,-1036.807,-73.037,-154.327,-76.215,151.693
-144.153,-1036.805,-73.037,-154.327,-76.215,151.692
-201.592,-1027.177,-73.060,-154.331,-76.216,148.508
-224.290,-1022.463,-73.055,-154.331,-76.216,147.239
-224.649,-1022.385,-73.051,-154.330,-76.215,147.218
-252.201,-1015.940,-73.049,-154.330,-76.215,145.669
-287.062,-1006.645,-73.052,-154.330,-76.215,143.695
-303.613,-1008.178,-81.640,168.018,-74.750,-176.668
-303.611,-1008.186,-81.653,167.851,-74.738,-176.492
-303.610,-1008.186,-81.654,161.365,-74.242,-169.762
-303.610,-1008.185,-81.653,150.948,-72.880,-158.904
-303.610,-1008.185,-81.654,143.934,-71.437,-151.538
-303.610,-1008.185,-81.654,137.548,-69.588,-144.765
-303.609,-1008.185,-81.655,129.220,-65.984,-135.776
-303.609,-1008.184,-81.657,129.213,-65.981,-135.769
-303.608,-1008.186,-81.673,128.496,-65.577,-134.981
-303.610,-1008.185,-81.669,123.583,-62.271,-129.515
-203.367,-918.411,-168.431,117.077,-59.163,-120.627
-201.661,-922.224,-176.642,119.476,-56.194,-121.003
-201.652,-922.245,-176.645,116.191,-51.650,-116.935
-201.658,-922.261,-176.653,114.192,-48.046,-114.314
-200.726,-833.286,-97.111,110.884,-42.414,-111.964
-194.493,-836.761,-127.811,118.933,-40.536,-115.395
-204.304,-824.026,-79.329,102.064,-43.006,-107.912
-85.102,-841.092,-88.127,101.824,-42.422,-99.544
-36.672,-842.060,-94.168,101.657,-42.019,-96.107
-17.875,-841.748,-96.340,101.598,-41.874,-94.775
6.008,-840.081,-100.621,101.481,-41.587,-93.041
19.094,-839.065,-102.516,101.429,-41.460,-92.100
37.128,-837.831,-103.962,101.390,-41.363,-90.830
43.406,-836.605,-106.068,101.333,-41.221,-90.344
64.485,-834.159,-108.523,101.267,-41.056,-88.833
77.613,-832.503,-109.726,101.235,-40.975,-87.897
89.873,-830.824,-110.720,101.208,-40.908,-87.024
97.820,-829.328,-112.049,101.172,-40.818,-86.438
101.179,-828.030,-116.418,100.915,-35.668,-85.168
107.334,-832.935,-139.512,108.232,-30.628,-86.490
109.349,-834.083,-145.237,110.217,-30.457,-87.066
98.540,-824.226,-99.805,94.705,-30.294,-82.352
98.530,-824.226,-99.805,94.415,-23.034,-81.707
91.755,-826.880,-109.015,97.544,-27.043,-83.424
89.032,-825.790,-100.803,95.187,-32.744,-83.323
